name,mean_hpcp0,mean_hpcp1,mean_hpcp2,mean_hpcp3,mean_hpcp4,mean_hpcp5,mean_hpcp6,mean_hpcp7,mean_hpcp8,mean_hpcp9,mean_hpcp10,mean_hpcp11,std_hpcp0,std_hpcp1,std_hpcp2,std_hpcp3,std_hpcp4,std_hpcp5,std_hpcp6,std_hpcp7,std_hpcp8,std_hpcp9,std_hpcp10,std_hpcp11,scaleType
hikmet_hminor1_Part1,0.175082,0.0137827,0.110944,0.0961386,0.00641345,0.0865571,0.0114826,0.253404,0.0829464,0.0414411,0.0571222,0.0646856,0.237916,0.0634285,0.2435,0.203489,0.019728,0.224824,0.033276,0.316578,0.245896,0.0874488,0.126832,0.208567,hminor
hikmet_hminor1_Part2,0.109267,0.026964,0.188058,0.142672,0.0251796,0.0897667,0.0291217,0.141971,0.0466595,0.0803678,0.0700617,0.0499107,0.197876,0.0555431,0.275849,0.249022,0.0454215,0.178514,0.0484514,0.265933,0.137706,0.107379,0.1126,0.150067,hminor
hikmet_hminor1_Part3,0.201965,0.00800124,0.256249,0.0631121,0.0108444,0.035333,0.00980663,0.226854,0.0272929,0.0923785,0.0353155,0.0328484,0.299657,0.0282513,0.324158,0.187116,0.0208287,0.122596,0.0195042,0.322099,0.131741,0.122734,0.113,0.130468,hminor
toprak_major3_Part1,0.208992,0.0412755,0.126942,0.0234461,0.124364,0.101322,0.0396402,0.151158,0.00748356,0.0503528,0.0125154,0.11251,0.287684,0.100184,0.219471,0.0744237,0.200219,0.219642,0.081744,0.218257,0.0149345,0.170338,0.0484276,0.22104,major
toprak_major3_Part2,0.462022,0.0510171,0.0317695,0.0252829,0.0312127,0.0160781,0.0194089,0.0227952,0.0280657,0.0758525,0.10255,0.133945,0.31599,0.0518155,0.0679116,0.0485757,0.0348307,0.0221803,0.0344158,0.0321611,0.0528348,0.16214,0.175071,0.189702,major
toprak_phyrgian1_Part1,0.146595,0.109509,0.0424644,0.166541,0.0565351,0.126016,0.0104814,0.122118,0.0992063,0.0114433,0.0794092,0.0296813,0.227371,0.21736,0.108306,0.284775,0.130645,0.19799,0.0237968,0.21216,0.198689,0.030995,0.173919,0.0647776,phyrgian
toprak_phyrgian1_Part2,0.112971,0.0543084,0.0683157,0.190556,0.0391631,0.197251,0.0109497,0.125931,0.0817356,0.0153587,0.0874546,0.0160048,0.195939,0.149245,0.148846,0.328474,0.11322,0.237001,0.0233162,0.210619,0.179544,0.055116,0.181014,0.0461765,phyrgian
toprak_phyrgian1_Part3,0.161783,0.10078,0.0152833,0.145494,0.0142213,0.230331,0.00969516,0.0446898,0.132134,0.0174468,0.120272,0.00786981,0.305302,0.212372,0.0460106,0.273616,0.0726705,0.303762,0.0379592,0.123124,0.232646,0.0831294,0.213123,0.0240534,phyrgian
toprak_phyrgian1_Part4,0.291535,0.0600961,0.0527842,0.0691265,0.1238,0.105879,0.0164738,0.133384,0.0657572,0.0253326,0.0367172,0.0191143,0.23338,0.152223,0.137656,0.186561,0.166308,0.190243,0.0226364,0.156761,0.133288,0.0661494,0.0964397,0.0277533,phyrgian
toprak_dorian_Part1,0.140033,0.0369544,0.161168,0.162496,0.0396772,0.16506,0.00617787,0.123906,0.00355933,0.0811318,0.073938,0.00589903,0.203245,0.103887,0.272237,0.313236,0.103665,0.274988,0.0132711,0.203214,0.00819289,0.206258,0.179411,0.0118202,dorian
toprak_dorian_Part2,0.14842,0.00542212,0.0524138,0.144752,0.0249332,0.335066,0.00926256,0.137657,0.00582511,0.0258432,0.0792698,0.0311347,0.219294,0.0158063,0.122823,0.288757,0.0764077,0.386281,0.0236195,0.2142,0.0125721,0.0867736,0.188612,0.0916125,dorian
toprak_dorian_Part3,0.140714,0.0071297,0.053365,0.145323,0.01392,0.168208,0.0309909,0.23014,0.00886955,0.0122656,0.148468,0.0406061,0.231919,0.0183737,0.132023,0.310649,0.0481105,0.256628,0.0732805,0.302924,0.021282,0.025135,0.281091,0.124359,dorian
toprak_dorian_Part4,0.162873,0.0141675,0.122826,0.157727,0.0378387,0.173959,0.0195616,0.148203,0.0116618,0.0606258,0.0760273,0.0145297,0.221688,0.0592841,0.225755,0.319712,0.0969704,0.246816,0.0517762,0.212117,0.0487907,0.188049,0.178713,0.0335299,dorian
toprak_altered1_Part1,0.106969,0.1067,0.0201727,0.133914,0.0970885,0.0711298,0.0952862,0.134537,0.0528372,0.0770824,0.0746827,0.0296007,0.213522,0.179267,0.065425,0.281997,0.181353,0.132901,0.23445,0.232076,0.105582,0.23559,0.177996,0.060843,altered
toprak_altered1_Part2,0.135054,0.0792165,0.00857043,0.031838,0.121717,0.0890347,0.254152,0.0498599,0.0313235,0.0441235,0.140541,0.0145689,0.305343,0.187994,0.0443124,0.142935,0.255476,0.154513,0.378538,0.162871,0.080726,0.182026,0.272624,0.0332219,altered
toprak_altered1_Part3,0.126279,0.132028,0.0520712,0.0488423,0.115941,0.0593174,0.167504,0.128098,0.031887,0.0638791,0.059766,0.0143873,0.229779,0.201357,0.141394,0.167333,0.20436,0.120406,0.308043,0.191727,0.0593872,0.185115,0.162588,0.0373529,altered
toprak_altered1_Part4,0.206002,0.0919143,0.00488271,0.0117034,0.135137,0.126095,0.10328,0.104489,0.0631227,0.0248506,0.0874554,0.0410664,0.295254,0.171406,0.015582,0.0353789,0.210473,0.204579,0.241747,0.189302,0.119475,0.101595,0.180641,0.112541,altered
toprak_altered1_Part5,0.0499957,0.138765,0.0426775,0.136105,0.108513,0.0778148,0.162773,0.105717,0.0218158,0.0713767,0.0626318,0.0218145,0.130987,0.177335,0.126835,0.28944,0.181198,0.133081,0.250948,0.194779,0.0416084,0.193525,0.161514,0.0514626,altered
toprak_altered1_Part6,0.244354,0.0706221,0.00621395,0.0969994,0.137691,0.0593484,0.0594217,0.174745,0.0265645,0.00705385,0.0737833,0.0432027,0.267,0.145542,0.0148709,0.235291,0.231103,0.106694,0.187385,0.210685,0.0582654,0.0191427,0.186366,0.153823,altered
hikmet_lydianb7_Part1,0.217342,0.0532526,0.156172,0.00434674,0.0845925,0.0130829,0.0935511,0.132106,0.00837108,0.109195,0.0798901,0.0480987,0.326579,0.146883,0.286802,0.0176865,0.204691,0.032385,0.21339,0.199641,0.0305995,0.272266,0.245379,0.128721,lydianb7
hikmet_lydianb7_Part2,0.0491777,0.0396672,0.104901,0.0371804,0.122505,0.028713,0.0817507,0.148195,0.0374063,0.181066,0.115678,0.053759,0.130036,0.0670904,0.179179,0.0757657,0.202909,0.0422152,0.165735,0.239585,0.0977554,0.267768,0.24247,0.0782876,lydianb7
hikmet_lydianb7_Part3,0.219055,0.0362234,0.133521,0.0393844,0.0510054,0.0211851,0.0555156,0.154363,0.03201,0.132696,0.0709533,0.0540873,0.322018,0.073526,0.20281,0.0595669,0.0683221,0.0394582,0.113208,0.217885,0.0832395,0.209459,0.18794,0.131575,lydianb7
hikmet_lydianb7_Part4,0.111593,0.0813265,0.198195,0.0202188,0.0792271,0.0404962,0.136017,0.0821901,0.0149186,0.118165,0.0505032,0.0671495,0.24239,0.150243,0.318059,0.0712907,0.157616,0.11908,0.223649,0.175628,0.0410561,0.22663,0.156637,0.154691,lydianb7
hikmet_lydianb7_Part5,0.0857856,0.0517794,0.125559,0.0318443,0.0539409,0.0225873,0.0811437,0.134897,0.0196942,0.255252,0.0891446,0.0483732,0.216116,0.0834738,0.188921,0.0810726,0.107452,0.0364946,0.177213,0.216316,0.0349209,0.358349,0.211759,0.107908,lydianb7
toprak_minor_Part1,0.108474,0.0268036,0.163816,0.190932,0.0456893,0.140329,0.0109241,0.0940481,0.0931544,0.0084533,0.110341,0.00703536,0.19582,0.0899731,0.267053,0.313157,0.148318,0.221519,0.0257928,0.192981,0.220816,0.022422,0.19596,0.015927,minor
toprak_minor_Part2,0.0918401,0.00865373,0.0952746,0.106814,0.00472004,0.219496,0.0151328,0.198827,0.0663683,0.00910162,0.172079,0.0116923,0.231032,0.0414531,0.220052,0.244072,0.0189603,0.305806,0.0792003,0.345689,0.195691,0.0441946,0.275516,0.0617334,minor
toprak_minor_Part3,0.175249,0.0197867,0.112346,0.143406,0.0562204,0.179611,0.0291618,0.0820214,0.102079,0.0203244,0.0658737,0.0139208,0.212762,0.0588931,0.212477,0.216272,0.133221,0.210237,0.0783525,0.157684,0.188833,0.0696323,0.153051,0.0515434,minor
toprak_minor_Part4,0.116646,0.00948648,0.133256,0.147767,0.0338001,0.251625,0.0167563,0.0815475,0.0897652,0.028705,0.0860543,0.00459008,0.186217,0.0508569,0.276929,0.280522,0.100599,0.329372,0.0503927,0.198892,0.193618,0.122976,0.191468,0.0226939,minor
toprak_lydian_Part1,0.113144,0.0355391,0.131335,0.0281346,0.101537,0.0189064,0.246979,0.120405,0.0212594,0.0755579,0.0126954,0.0945071,0.206579,0.0864463,0.272613,0.0862434,0.180204,0.0915297,0.342768,0.213976,0.0740705,0.213612,0.0430572,0.173104,lydian
toprak_lydian_Part2,0.105872,0.0288797,0.170377,0.0274996,0.076842,0.0663799,0.193294,0.155432,0.00554916,0.0392795,0.0366205,0.0939755,0.197743,0.0731245,0.293833,0.0873297,0.222771,0.163859,0.310841,0.269477,0.0137197,0.160873,0.116634,0.166071,lydian
toprak_lydian_Part3,0.0810462,0.0420403,0.187348,0.0194195,0.128768,0.0242285,0.192568,0.105479,0.0132316,0.0439005,0.0135719,0.148399,0.18331,0.102224,0.314352,0.0426508,0.243822,0.0747837,0.261746,0.200152,0.0298602,0.133744,0.0449749,0.203789,lydian
toprak_lydian_Part4,0.109905,0.0295549,0.149657,0.0145722,0.167049,0.0226619,0.161903,0.142248,0.0176727,0.10415,0.00703931,0.0735854,0.207549,0.0858537,0.290716,0.0591799,0.263989,0.0871547,0.301232,0.25596,0.044164,0.247239,0.0137568,0.143141,lydian
hikmet_phyrgian_Part1,0.406489,0.0147144,0.0861042,0.042372,0.0153444,0.0615314,0.012611,0.126393,0.0627249,0.0342865,0.124813,0.0126165,0.408132,0.0542178,0.219259,0.123841,0.0351263,0.156328,0.0342457,0.222165,0.206814,0.0725614,0.26669,0.0356199,phyrgian
hikmet_phyrgian_Part2,0.261209,0.0270344,0.157996,0.0527633,0.0241332,0.0558693,0.0213663,0.215537,0.0502114,0.0428225,0.0592895,0.0317691,0.345202,0.0592808,0.283633,0.133839,0.0447043,0.151692,0.0443268,0.301835,0.164442,0.0682642,0.143139,0.104013,phyrgian
hikmet_phyrgian_Part3,0.160523,0.01063,0.145632,0.106048,0.0177743,0.228961,0.0117146,0.154155,0.0492862,0.0228322,0.0805529,0.0118908,0.251061,0.02753,0.264813,0.231497,0.0557851,0.338173,0.0488215,0.250875,0.194482,0.0603302,0.17452,0.0341124,phyrgian
hikmet_phyrgian_Part4,0.183245,0.0258948,0.245415,0.0264458,0.0152019,0.0574375,0.012246,0.16469,0.0568278,0.0384014,0.145634,0.0285607,0.293589,0.0709396,0.319571,0.0891529,0.0295426,0.159304,0.026622,0.250637,0.190791,0.0576807,0.293681,0.0710686,phyrgian
hikmet_lydianb71_Part1,0.0219495,0.0986149,0.238419,0.0218537,0.154526,0.0101892,0.171759,0.0257776,0.0131019,0.164442,0.0148264,0.0645403,0.0923516,0.116248,0.352286,0.0582335,0.257397,0.023943,0.281694,0.0863092,0.0277259,0.253408,0.0315966,0.107015,lydianb7
hikmet_lydianb71_Part2,0.220672,0.0442294,0.165929,0.0310395,0.0960118,0.0170156,0.0525272,0.0835791,0.0256126,0.167153,0.0494022,0.0468283,0.318438,0.0909781,0.267413,0.0720939,0.145312,0.0337865,0.138046,0.148056,0.0799377,0.274129,0.143327,0.109548,lydianb7
hikmet_hminor_Part1,0.0982361,0.0041313,0.160831,0.0773966,0.00445627,0.0906816,0.0478373,0.162669,0.120335,0.0773017,0.0616074,0.0945159,0.196807,0.0145189,0.253863,0.181703,0.0206525,0.210449,0.104928,0.313135,0.313911,0.134478,0.151655,0.233482,hminor
hikmet_hminor_Part2,0.022447,0.0262174,0.187589,0.125268,0.0136176,0.0421795,0.0299089,0.287552,0.0499617,0.0434758,0.134122,0.0376624,0.0529233,0.0555827,0.19054,0.200436,0.0272387,0.103672,0.10567,0.326928,0.138992,0.0819854,0.237353,0.120728,hminor
hikmet_hminor_Part3,0.137183,0.0180639,0.129237,0.117885,0.0155755,0.200932,0.0549414,0.0621739,0.0276924,0.034067,0.0752878,0.126961,0.187659,0.0413921,0.238986,0.237605,0.0284309,0.266512,0.110723,0.137865,0.0977832,0.0516802,0.173183,0.248039,hminor
hikmet_hminor_Part4,0.0985063,0.0260237,0.130327,0.138568,0.0288379,0.0407319,0.0500207,0.246115,0.066554,0.0390246,0.042764,0.0925275,0.191636,0.0354602,0.19467,0.245969,0.0462286,0.0977571,0.0711413,0.315859,0.145505,0.0574329,0.0650054,0.182402,hminor
hikmet_hminor_Part5,0.268332,0.00870645,0.13613,0.08879,0.011489,0.0456743,0.0256531,0.201117,0.113929,0.0267136,0.0166267,0.0568383,0.292635,0.0332697,0.269734,0.186889,0.0183052,0.14296,0.0713289,0.237174,0.267231,0.0638035,0.0553781,0.192683,hminor
hikmet_mixolydian_Part1,0.0813703,0.0763767,0.0602074,0.0860701,0.0907464,0.0859955,0.0954747,0.0924931,0.0763624,0.0948696,0.0835262,0.0765075,0.0376345,0.0356705,0.0287886,0.0484822,0.0363294,0.0484897,0.0446161,0.0396755,0.0449293,0.0463323,0.0339912,0.0339982,mixolydian
hikmet_mixolydian_Part2,0.0705713,0.042225,0.0663238,0.058342,0.136128,0.103786,0.0560217,0.164321,0.0418744,0.0830899,0.106416,0.0709002,0.0998518,0.0531654,0.0967129,0.105848,0.203299,0.161115,0.0898931,0.27184,0.0554453,0.160028,0.189124,0.0967506,mixolydian
hikmet_mixolydian_Part3,0.22174,0.0418667,0.130449,0.028469,0.0613729,0.0512467,0.0333944,0.0832791,0.0536003,0.183441,0.079288,0.0318536,0.358065,0.0846686,0.22471,0.0434624,0.101589,0.123603,0.0592805,0.171405,0.134624,0.279596,0.192793,0.0485852,mixolydian
hikmet_mixolydian_Part4,0.208947,0.0439064,0.0831837,0.0317134,0.185708,0.0603316,0.0237645,0.177349,0.0337896,0.0463757,0.0453522,0.0595788,0.254323,0.0997942,0.157197,0.0467522,0.243059,0.104726,0.03922,0.219521,0.0530084,0.072519,0.114736,0.0752356,mixolydian
hikmet_mixolydian_Part5,0.223167,0.0690916,0.1013,0.0301489,0.0953293,0.0484653,0.0295065,0.113218,0.0314171,0.130304,0.0733773,0.0546758,0.313678,0.121981,0.185626,0.0529738,0.164252,0.124781,0.0780523,0.168543,0.0576092,0.2211,0.158237,0.0842961,mixolydian
hikmet_mixolydian_Part6,0.132903,0.00977215,0.166635,0.0107828,0.125382,0.108904,0.011622,0.0993193,0.00694022,0.212891,0.0821037,0.0327448,0.23631,0.0464586,0.273291,0.049998,0.223403,0.229866,0.0257045,0.214168,0.0261207,0.325836,0.247544,0.0749667,mixolydian
hikmet_mixolydian_Part7,0.148505,0.0728161,0.104656,0.0296875,0.092549,0.0616253,0.0341937,0.137193,0.0421937,0.16703,0.0605806,0.0489702,0.230864,0.117839,0.168646,0.051626,0.10443,0.130807,0.0653962,0.184498,0.0793206,0.258927,0.130648,0.0886719,mixolydian
toprak_minor1_Part1,0.150091,0.0224052,0.172273,0.156194,0.0377173,0.138858,0.0119701,0.116591,0.0802548,0.0139195,0.0828389,0.0168866,0.22363,0.0904212,0.278225,0.282912,0.104269,0.245207,0.0244687,0.202253,0.184472,0.0239998,0.179631,0.0455971,minor
toprak_minor1_Part2,0.120997,0.00349689,0.0271861,0.244297,0.0337923,0.24429,0.0318169,0.111889,0.0841263,0.022465,0.066434,0.00920916,0.221054,0.00898187,0.0792557,0.364135,0.0818611,0.380241,0.119136,0.190222,0.191235,0.0863719,0.183011,0.0298518,minor
toprak_minor1_Part3,0.0975684,0.0207367,0.0458313,0.116735,0.0561853,0.146997,0.0347161,0.0652256,0.154516,0.0927882,0.0724562,0.0962443,0.193475,0.0538739,0.108178,0.220978,0.131714,0.285915,0.089472,0.145888,0.249032,0.20816,0.155363,0.211219,minor
toprak_minor1_Part4,0.127138,0.0141322,0.056751,0.175831,0.0416873,0.121442,0.0462449,0.141042,0.0898773,0.0732506,0.0473724,0.0652316,0.199888,0.0297909,0.137932,0.279125,0.106974,0.239391,0.0990145,0.218174,0.20989,0.204334,0.126283,0.130962,minor
toprak_minor1_Part5,0.121178,0.0152857,0.122606,0.215715,0.0490836,0.188431,0.0180311,0.100595,0.0642147,0.0380637,0.0494022,0.0173939,0.174682,0.0620188,0.252366,0.340275,0.118278,0.298523,0.0594593,0.189189,0.162088,0.130381,0.147138,0.0514324,minor
toprak_locrian1_Part1,0.155024,0.101639,0.0346096,0.132606,0.0596317,0.140016,0.124255,0.0415008,0.0961583,0.00850136,0.0829506,0.023106,0.234398,0.194439,0.128938,0.264002,0.136628,0.219578,0.275079,0.0996385,0.189865,0.0226665,0.190161,0.071113,locrian
toprak_locrian1_Part2,0.19009,0.043442,0.0187337,0.0435518,0.0303345,0.135421,0.180155,0.11313,0.0834837,0.0198765,0.126545,0.0152367,0.242406,0.108653,0.0381066,0.120026,0.0867318,0.219568,0.33586,0.180421,0.170174,0.0760433,0.233041,0.0594383,locrian
toprak_locrian1_Part3,0.107117,0.0836443,0.0334272,0.102346,0.0113365,0.149251,0.173367,0.0367818,0.125168,0.049644,0.123758,0.00415846,0.181262,0.193681,0.121036,0.260036,0.02732,0.234249,0.330509,0.106037,0.241562,0.183057,0.269997,0.014499,locrian
toprak_locrian1_Part4,0.0712728,0.179077,0.00682655,0.0729778,0.0177567,0.171696,0.00741262,0.00763559,0.146663,0.00635822,0.28851,0.0238141,0.152134,0.266964,0.0157588,0.148078,0.0690406,0.18723,0.0150868,0.0157723,0.241617,0.0104301,0.355454,0.0558231,locrian
toprak_locrian1_Part5,0.177233,0.0705393,0.0343807,0.0644483,0.0472847,0.117062,0.252281,0.0880738,0.0702072,0.0112093,0.0581252,0.0091552,0.243501,0.152958,0.0888266,0.178695,0.0956814,0.197009,0.369232,0.159297,0.158921,0.0256946,0.147569,0.0209687,locrian
hikmet_altered_Part1,0.186528,0.0783239,0.00502069,0.0785481,0.0640366,0.00708516,0.096166,0.117225,0.148501,0.00742591,0.154765,0.0563743,0.279495,0.165654,0.0180276,0.176611,0.167224,0.0229124,0.256227,0.173873,0.28911,0.0274418,0.309037,0.139051,altered
hikmet_altered_Part2,0.132373,0.190265,0.0382218,0.0692851,0.048336,0.021761,0.106462,0.0723863,0.108195,0.0231482,0.136395,0.0531714,0.240268,0.242486,0.106552,0.174866,0.129064,0.0421753,0.222959,0.119646,0.166977,0.0414284,0.261613,0.121901,altered
hikmet_altered_Part3,0.0168978,0.104617,0.0239587,0.184105,0.0707561,0.0292925,0.217358,0.018537,0.049815,0.0234122,0.210443,0.0508078,0.0394489,0.1398,0.0845477,0.306327,0.173504,0.073644,0.303325,0.0405556,0.145272,0.0634774,0.325101,0.111962,altered
hikmet_altered_Part4,0.0715892,0.0808738,0.0249144,0.099698,0.10578,0.0487318,0.112487,0.0723107,0.120548,0.0286193,0.175529,0.0589192,0.154874,0.148047,0.044645,0.20443,0.206339,0.102188,0.227023,0.132937,0.247834,0.0769901,0.313017,0.110314,altered
hikmet_altered_Part5,0.32288,0.137629,0.0311653,0.0608027,0.0622228,0.010187,0.115987,0.127426,0.0466242,0.0113522,0.0463015,0.0274222,0.344508,0.246546,0.102268,0.165695,0.164201,0.0266354,0.230349,0.150134,0.149829,0.0263352,0.153805,0.0684973,altered
toprak_mixolydian1_Part1,0.139417,0.00665889,0.015836,0.0524202,0.288565,0.108654,0.0239112,0.0776062,0.0248301,0.100257,0.0877006,0.0741441,0.230266,0.012548,0.0368215,0.11733,0.370931,0.231536,0.0573521,0.143787,0.0590141,0.200278,0.192187,0.19961,mixolydian
toprak_mixolydian1_Part2,0.151021,0.0182261,0.145064,0.00759082,0.115324,0.173483,0.019981,0.126253,0.00923271,0.108841,0.0895354,0.0354486,0.215775,0.0901646,0.297751,0.0193756,0.275887,0.288508,0.0501169,0.202624,0.0167589,0.263829,0.200128,0.105483,mixolydian
toprak_mixolydian1_Part3,0.208003,0.0135215,0.124321,0.0185145,0.0467455,0.226492,0.0289533,0.141721,0.00339136,0.0202713,0.105221,0.0628455,0.266676,0.0336936,0.236523,0.042559,0.0941961,0.270226,0.0625829,0.174684,0.00399469,0.0359319,0.184839,0.159972,mixolydian
toprak_mixolydian1_Part4,0.174672,0.00281766,0.134152,0.00436756,0.0985075,0.320064,0.0202761,0.0933106,0.00951406,0.0359361,0.0947075,0.0116752,0.260441,0.00578399,0.306394,0.0236722,0.234288,0.384801,0.0857689,0.151647,0.0260688,0.10562,0.200816,0.0546701,mixolydian
toprak_mixolydian1_Part5,0.223331,0.00638053,0.0439545,0.0278393,0.151581,0.0920448,0.00478829,0.186652,0.0140045,0.123729,0.0933006,0.0323942,0.286385,0.0167882,0.129023,0.104743,0.295035,0.215925,0.0177618,0.271518,0.0484749,0.267211,0.215577,0.096582,mixolydian
toprak_mixolydian1_Part6,0.128098,0.00761077,0.0761228,0.004202,0.179114,0.199975,0.0133504,0.140624,0.0412755,0.0976874,0.0965111,0.0154287,0.224158,0.0144526,0.195939,0.0107336,0.275719,0.298535,0.0666625,0.231048,0.169595,0.204708,0.196774,0.0305859,mixolydian
toprak_mixolydian1_Part7,0.178594,0.0296272,0.0795816,0.0545498,0.161371,0.123048,0.00654269,0.118589,0.00992355,0.0936311,0.09408,0.0504615,0.278496,0.145296,0.248734,0.16511,0.272441,0.261036,0.0138099,0.233989,0.0293948,0.226903,0.224144,0.114433,mixolydian
toprak_mixolydian1_Part8,0.169983,0.00862544,0.0699693,0.01528,0.126375,0.207923,0.0481553,0.201606,0.0446774,0.014762,0.0530883,0.0395551,0.217642,0.0278965,0.207333,0.0441027,0.284652,0.347465,0.132744,0.269991,0.172154,0.057579,0.139459,0.120446,mixolydian
hikmet_hwdiminished_Part1,0.173006,0.122863,0.0144678,0.0897144,0.0863145,0.00243518,0.0700345,0.193164,0.0331462,0.0793954,0.0975238,0.0379356,0.27211,0.232557,0.0369794,0.216485,0.185216,0.00554723,0.204177,0.267419,0.0788592,0.240615,0.229682,0.100167,hwdiminished
hikmet_hwdiminished_Part2,0.0353449,0.120366,0.0285169,0.0957926,0.0807787,0.082903,0.160259,0.0613181,0.0428435,0.10692,0.149519,0.0354378,0.0684999,0.179689,0.0435433,0.179364,0.138881,0.129957,0.244833,0.120909,0.0651287,0.209537,0.232764,0.0566466,hwdiminished
hikmet_hwdiminished_Part3,0.146986,0.135068,0.0402904,0.0723914,0.138109,0.0355928,0.0632615,0.160361,0.0252376,0.037616,0.104336,0.0407504,0.284548,0.266769,0.0870263,0.19755,0.253529,0.0760056,0.178456,0.246027,0.0541806,0.132117,0.233851,0.0821116,hwdiminished
hikmet_hwdiminished_Part4,0.203048,0.134029,0.0308306,0.0480941,0.145677,0.0300203,0.0671113,0.114456,0.0174623,0.0693398,0.0771755,0.0627562,0.338626,0.255526,0.0657995,0.146857,0.237829,0.0746276,0.171658,0.217173,0.0432603,0.173884,0.183097,0.136924,hwdiminished
hikmet_hwdiminished_Part5,0.117691,0.125383,0.0544601,0.0490621,0.135901,0.0463295,0.111273,0.139578,0.0255368,0.0789312,0.0539073,0.0619459,0.252362,0.221095,0.0994865,0.13166,0.221256,0.0994917,0.208955,0.247743,0.0469978,0.178487,0.139701,0.113205,hwdiminished
hikmet_hwdiminished_Part6,0.0479843,0.209902,0.0227233,0.137679,0.13779,0.0300196,0.0627903,0.0827912,0.0507603,0.037958,0.120697,0.0589058,0.170292,0.303492,0.0686874,0.276791,0.239729,0.0501199,0.170594,0.186107,0.0945438,0.139513,0.220937,0.120047,hwdiminished
hikmet_hwdiminished_Part7,0.490508,0.110604,0.0162682,0.025819,0.0416393,0.00538967,0.0330028,0.214278,0.00373306,0.0100111,0.0421076,0.00664005,0.327379,0.268418,0.0534523,0.136022,0.0807602,0.0210526,0.131936,0.157174,0.016752,0.0639204,0.154434,0.0380906,hwdiminished
toprak_mixolydian_Part1,0.122798,0.019082,0.177615,0.0125567,0.164681,0.146789,0.0102312,0.169637,0.0137086,0.0710968,0.0650869,0.0267171,0.197093,0.0686628,0.295431,0.0458029,0.266331,0.253632,0.0303099,0.256695,0.0383472,0.199774,0.162621,0.0703876,mixolydian
toprak_mixolydian_Part2,0.0584678,0.0313177,0.213869,0.00770603,0.142685,0.185545,0.00515916,0.113257,0.00574406,0.122463,0.0926964,0.0210904,0.169789,0.0974863,0.328897,0.0356664,0.26535,0.312647,0.0112607,0.254152,0.011705,0.279408,0.221457,0.0597694,mixolydian
toprak_mixolydian_Part3,0.113649,0.0314084,0.144992,0.013693,0.159244,0.168111,0.0263854,0.0245092,0.0668889,0.0747282,0.0737793,0.102611,0.20587,0.0843051,0.25485,0.027737,0.240574,0.305734,0.0780573,0.0668133,0.187995,0.201922,0.15722,0.203389,mixolydian
toprak_mixolydian_Part4,0.0382735,0.115584,0.215814,0.0482529,0.207271,0.135556,0.0123051,0.0534533,0.037633,0.0649987,0.0288975,0.0419612,0.0972575,0.286093,0.329986,0.151761,0.271571,0.272483,0.0244284,0.111552,0.134494,0.14305,0.0829917,0.0814361,mixolydian
toprak_mixolydian_Part5,0.220956,0.0283934,0.176561,0.0205238,0.119467,0.13199,0.0127895,0.110381,0.0162838,0.0496711,0.0840633,0.0289202,0.247724,0.0953974,0.238287,0.0495086,0.149435,0.188137,0.0277258,0.180602,0.0234606,0.11124,0.150841,0.0576178,mixolydian
toprak_altered_Part1,0.102435,0.124327,0.023664,0.126614,0.10683,0.0927708,0.145625,0.0491486,0.128881,0.00415088,0.0671724,0.0283814,0.205424,0.179952,0.123308,0.251699,0.221518,0.156162,0.284162,0.11237,0.233732,0.0130717,0.172126,0.0634623,altered
toprak_altered_Part2,0.0186611,0.0933313,0.0151286,0.22944,0.0664444,0.11462,0.168886,0.0662026,0.112709,0.00895743,0.0968695,0.00875055,0.0743337,0.161196,0.0362766,0.340671,0.195311,0.161554,0.30431,0.180087,0.192839,0.0425242,0.190464,0.0228977,altered
toprak_altered_Part3,0.0960236,0.0506494,0.0129093,0.0305376,0.132774,0.0963244,0.13946,0.107938,0.184223,0.009765,0.111384,0.0280119,0.209995,0.129617,0.0468093,0.101883,0.245851,0.151015,0.291355,0.202848,0.287297,0.0633859,0.203692,0.0628183,altered
toprak_altered_Part4,0.218331,0.0846769,0.0035182,0.0190598,0.108109,0.143045,0.0678133,0.0679078,0.114859,0.0321601,0.072197,0.0683231,0.323052,0.153677,0.00787073,0.0708856,0.233033,0.268042,0.207932,0.150275,0.198512,0.123101,0.17243,0.172438,altered
toprak_altered_Part5,0.153813,0.0630046,0.0143747,0.165104,0.117938,0.0803459,0.111987,0.0949069,0.0735152,0.0313619,0.0639288,0.0297205,0.238475,0.150243,0.0768206,0.32849,0.246059,0.164462,0.275259,0.159872,0.146656,0.139277,0.149252,0.128883,altered
toprak_altered_Part6,0.105767,0.0688847,0.0270439,0.167245,0.051017,0.0944707,0.144128,0.0691492,0.126687,0.0185644,0.114348,0.0126941,0.197211,0.157465,0.0752251,0.275552,0.127023,0.160281,0.280027,0.144364,0.214856,0.0685763,0.209792,0.0287287,altered
toprak_hwdiminished1_Part1,0.0592408,0.0489273,0.0434886,0.067544,0.147396,0.157808,0.083374,0.154327,0.0308434,0.0824069,0.0992334,0.0254105,0.144147,0.123642,0.0925596,0.211614,0.242109,0.272638,0.238929,0.225984,0.0772597,0.227073,0.192756,0.0910838,hwdiminished
toprak_hwdiminished1_Part2,0.132588,0.0224118,0.00634515,0.0180771,0.30648,0.13228,0.143823,0.0798756,0.00953769,0.0340309,0.10165,0.0129016,0.227008,0.0633729,0.0152321,0.069497,0.391764,0.258356,0.311491,0.146077,0.0222367,0.105923,0.208354,0.0210023,hwdiminished
toprak_hwdiminished1_Part3,0.105684,0.10614,0.0367587,0.118788,0.11875,0.13392,0.0679057,0.120312,0.0222414,0.0860486,0.0580803,0.0253716,0.211488,0.177678,0.125666,0.254697,0.245087,0.247645,0.202582,0.215394,0.0568312,0.222336,0.146896,0.0721398,hwdiminished
toprak_hwdiminished1_Part4,0.169925,0.0729375,0.0257722,0.161418,0.0948081,0.0859338,0.147819,0.0700617,0.0166673,0.0312021,0.0932458,0.0302101,0.245049,0.140695,0.0591796,0.292446,0.212841,0.19716,0.276912,0.134875,0.0427304,0.109985,0.205942,0.0802437,hwdiminished
toprak_hwdiminished1_Part5,0.0996064,0.0320744,0.0277654,0.180839,0.0902773,0.111076,0.148328,0.0548376,0.0194618,0.0922583,0.120346,0.0231299,0.211929,0.075688,0.114966,0.329226,0.21792,0.239724,0.290261,0.136416,0.0988657,0.241909,0.218782,0.0864578,hwdiminished
toprak_hwdiminished1_Part6,0.117788,0.0467352,0.0306427,0.171656,0.0727551,0.0656208,0.17828,0.0559535,0.0363514,0.169077,0.0271008,0.0280392,0.197231,0.0857688,0.0951991,0.331598,0.148663,0.163741,0.29695,0.117549,0.127955,0.273026,0.0499648,0.092973,hwdiminished
toprak_hwdiminished1_Part7,0.0377022,0.0419396,0.0908604,0.0680033,0.166027,0.070048,0.140188,0.147851,0.010676,0.152288,0.0491065,0.0253095,0.118505,0.0940399,0.15689,0.213799,0.257507,0.145208,0.27685,0.22403,0.025377,0.281265,0.123446,0.0969481,hwdiminished
toprak_hwdiminished1_Part8,0.051265,0.024065,0.00980952,0.035265,0.152093,0.142261,0.400891,0.0581073,0.0084941,0.0486,0.041891,0.0272586,0.111262,0.06698,0.0250479,0.13357,0.29316,0.276063,0.419317,0.135974,0.0182481,0.17436,0.0731561,0.067678,hwdiminished
toprak_hwdiminished1_Part9,0.019789,0.0207352,0.0578462,0.211549,0.0382756,0.0475354,0.224604,0.0384163,0.01128,0.288818,0.0264732,0.0146785,0.0713076,0.0674105,0.164092,0.349914,0.081991,0.139316,0.352081,0.111588,0.0232414,0.387509,0.0825787,0.0676245,hwdiminished
toprak_hwdiminished1_Part10,0.168246,0.0193162,0.0149755,0.0859491,0.11703,0.0434233,0.166871,0.143111,0.0148347,0.16722,0.0359825,0.0230403,0.222475,0.0458096,0.0412407,0.223455,0.23544,0.131032,0.319619,0.199876,0.0324937,0.306573,0.0933689,0.0666136,hwdiminished
toprak_hwdiminished_Part1,0.112969,0.121224,0.0318231,0.122175,0.104425,0.0770652,0.11305,0.116054,0.0342952,0.0743908,0.069892,0.0226354,0.225639,0.205742,0.08056,0.282629,0.19934,0.154278,0.270409,0.204727,0.0772689,0.218645,0.170942,0.0508347,hwdiminished
toprak_hwdiminished_Part2,0.20126,0.127164,0.0084821,0.0235176,0.141236,0.0656769,0.235716,0.0673959,0.0377306,0.016469,0.0456353,0.0297161,0.336295,0.243538,0.0354099,0.131949,0.283776,0.191313,0.374046,0.176326,0.075158,0.104525,0.16419,0.0686643,hwdiminished
toprak_hwdiminished_Part3,0.110157,0.136448,0.00936012,0.0359608,0.126341,0.135992,0.175358,0.0521382,0.0447305,0.0348522,0.118322,0.020341,0.243912,0.197885,0.0368707,0.157237,0.257595,0.178038,0.287652,0.119127,0.0820216,0.155778,0.217018,0.0471047,hwdiminished
toprak_hwdiminished_Part4,0.150268,0.111812,0.0418174,0.0311882,0.0905207,0.0534486,0.0754114,0.190857,0.0592023,0.083485,0.0797223,0.0322668,0.272387,0.217787,0.0944849,0.131173,0.218814,0.114263,0.197477,0.288188,0.170852,0.241764,0.1837,0.0953373,hwdiminished
toprak_hwdiminished_Part5,0.00316452,0.057954,0.0290035,0.134114,0.144685,0.0873489,0.377973,0.135196,0.0146978,0.00154295,0.00164566,0.0126746,0.0106468,0.126245,0.0628961,0.298875,0.272584,0.233215,0.431081,0.275277,0.0401393,0.00320954,0.00439831,0.0246572,hwdiminished
toprak_hwdiminished_Part6,0.0457631,0.0568839,0.0364515,0.0247242,0.0405148,0.0919609,0.132509,0.168039,0.0436713,0.20395,0.142004,0.0135286,0.141788,0.12422,0.095754,0.106926,0.102473,0.164511,0.269369,0.277185,0.150435,0.352834,0.263755,0.0422784,hwdiminished
toprak_dorian1_Part1,0.15419,0.0405489,0.158984,0.137336,0.04819,0.132507,0.010688,0.136368,0.00386074,0.0691634,0.09437,0.0137926,0.230434,0.108392,0.268819,0.29041,0.109828,0.202544,0.0315885,0.219999,0.008858,0.191102,0.191653,0.053833,dorian
toprak_dorian1_Part2,0.155105,0.0118351,0.0419858,0.132955,0.0310643,0.215094,0.0107127,0.222129,0.00827033,0.0544039,0.0952175,0.0212277,0.226584,0.0375032,0.0900758,0.288521,0.093746,0.30542,0.0430074,0.322653,0.0225352,0.177708,0.226616,0.0511699,dorian
toprak_dorian1_Part3,0.10037,0.0103949,0.127731,0.16345,0.0190067,0.110237,0.0425,0.157628,0.0394327,0.127937,0.0816052,0.0197079,0.214865,0.0394029,0.240564,0.320717,0.0584311,0.227518,0.164323,0.25967,0.13737,0.274339,0.190936,0.0680026,dorian
toprak_dorian1_Part4,0.155045,0.0277052,0.0426257,0.0880048,0.0387595,0.129551,0.0443573,0.245867,0.0139353,0.0358233,0.163756,0.0145691,0.252961,0.0746994,0.104352,0.22232,0.123022,0.219321,0.157689,0.323546,0.0513482,0.130989,0.274725,0.0407651,dorian
toprak_dorian1_Part5,0.0956291,0.0277778,0.0839249,0.0891673,0.0533118,0.177779,0.0558742,0.16412,0.0227956,0.0840425,0.116992,0.0285864,0.168564,0.0574185,0.175706,0.20235,0.112518,0.224259,0.13636,0.239732,0.050487,0.169591,0.196451,0.0717106,dorian
toprak_dorian1_Part6,0.184903,0.00408239,0.0581643,0.127628,0.0339209,0.247575,0.0106343,0.145766,0.00872845,0.00710411,0.139008,0.0324856,0.216488,0.00830205,0.104533,0.269272,0.0766915,0.252404,0.0187428,0.221056,0.0154212,0.00981262,0.214057,0.111103,dorian
toprak_hminor1_Part1,0.146968,0.0249921,0.113321,0.167613,0.0450105,0.0853668,0.0580036,0.155843,0.0815646,0.0154276,0.0254331,0.0804573,0.222016,0.0772666,0.223928,0.291376,0.125738,0.206409,0.126515,0.254492,0.21709,0.0440698,0.102722,0.195787,hminor
toprak_hminor1_Part2,0.134543,0.0588033,0.146729,0.108691,0.0158255,0.0356141,0.107311,0.199597,0.0853557,0.0105305,0.00546258,0.0915379,0.213002,0.167261,0.260256,0.241617,0.0258579,0.0929617,0.182502,0.222363,0.180003,0.0261497,0.00882859,0.180706,hminor
toprak_hminor1_Part3,0.212942,0.0552896,0.101072,0.0845005,0.00283787,0.0367335,0.0914034,0.111929,0.106828,0.00683029,0.00610131,0.183532,0.329821,0.131317,0.216565,0.215967,0.00780957,0.157283,0.149384,0.243009,0.253679,0.0202964,0.0139096,0.276141,hminor
toprak_hminor1_Part4,0.253786,0.00398427,0.00477098,0.14089,0.00340425,0.113196,0.0892225,0.134911,0.111421,0.00146699,0.0380305,0.104915,0.391552,0.0104986,0.0123252,0.312094,0.00721745,0.262714,0.147319,0.290818,0.266824,0.00364066,0.140973,0.211387,hminor
toprak_hminor1_Part5,0.156314,0.00304994,0.00181115,0.255107,0.00701072,0.115164,0.112887,0.066934,0.103242,0.00139708,0.037258,0.139825,0.252306,0.00847653,0.0055308,0.404309,0.0205876,0.264621,0.174082,0.141213,0.25557,0.00225307,0.135288,0.237941,hminor
toprak_hminor1_Part6,0.162298,0.00339393,0.0230732,0.2887,0.0150288,0.122318,0.0897969,0.17053,0.0200558,0.00174553,0.00543475,0.0976255,0.219896,0.00754352,0.0759744,0.415743,0.0240078,0.319881,0.17985,0.215694,0.0867603,0.00594406,0.013372,0.18875,hminor
toprak_hminor1_Part7,0.130188,0.0355038,0.0447325,0.172932,0.0346055,0.167771,0.0963201,0.10915,0.0107185,0.0148955,0.0609716,0.122211,0.255567,0.0911635,0.147237,0.32025,0.0976237,0.280487,0.172004,0.269823,0.0387515,0.0741491,0.175513,0.216006,hminor
toprak_hminor1_Part8,0.0399139,0.068929,0.165032,0.161825,0.0280849,0.0669928,0.140973,0.170893,0.0602678,0.0130345,0.0300876,0.0539665,0.0838816,0.183501,0.222588,0.295827,0.079664,0.121743,0.226446,0.247568,0.131722,0.0266824,0.101141,0.124619,hminor
toprak_hminor1_Part9,0.160173,0.0168568,0.167608,0.12953,0.0538717,0.0979744,0.0933018,0.156404,0.042317,0.0111426,0.00825666,0.0625643,0.209085,0.0796046,0.312985,0.286879,0.1003,0.226797,0.171333,0.220634,0.124202,0.0217113,0.0147575,0.142912,hminor
toprak_melmin_Part1,0.185004,0.0677722,0.079748,0.110205,0.0472126,0.0661742,0.0925757,0.157506,0.0176782,0.0685131,0.0318079,0.0758026,0.281151,0.130687,0.188642,0.199607,0.0918743,0.162042,0.17474,0.22159,0.0321335,0.182582,0.0717588,0.165383,mminor
toprak_melmin_Part2,0.108705,0.00952145,0.0130691,0.134946,0.0190967,0.166347,0.103298,0.125594,0.00636919,0.00754402,0.0725192,0.23299,0.203909,0.0210842,0.029761,0.25119,0.0574027,0.321629,0.182408,0.25081,0.0201286,0.0135688,0.217209,0.306252,mminor
toprak_melmin_Part3,0.0958186,0.00380344,0.0499086,0.0722072,0.0924094,0.189989,0.077375,0.173661,0.00509716,0.0838281,0.0735254,0.0823769,0.174616,0.00571534,0.0729737,0.210814,0.171436,0.267384,0.160102,0.253404,0.0125075,0.170081,0.169987,0.169847,mminor
toprak_melmin_Part4,0.115422,0.015211,0.0191807,0.171942,0.0864419,0.0812864,0.164713,0.182247,0.00862366,0.0381861,0.030502,0.0862443,0.183713,0.0361742,0.046482,0.317952,0.187733,0.194831,0.274434,0.273756,0.0185271,0.112927,0.0993454,0.159341,mminor
toprak_melmin_Part5,0.0669227,0.00549363,0.0159509,0.130323,0.044342,0.266531,0.102339,0.242963,0.0096624,0.0372031,0.0306418,0.0476275,0.141325,0.0123624,0.0255084,0.239364,0.106793,0.374338,0.243214,0.360425,0.0390669,0.16214,0.138886,0.157887,mminor
toprak_melmin_Part6,0.201644,0.0225309,0.0140673,0.126965,0.0417534,0.200313,0.0871102,0.061813,0.0271111,0.033168,0.123358,0.0601669,0.267842,0.0709138,0.0365479,0.252375,0.138085,0.311416,0.208642,0.125825,0.107399,0.110225,0.246628,0.155398,mminor
toprak_melmin_Part7,0.090854,0.00340407,0.00933364,0.152757,0.103755,0.322277,0.0613311,0.0586813,0.00348233,0.0820255,0.0472431,0.0648562,0.169597,0.00701848,0.0250189,0.283407,0.179233,0.405094,0.142869,0.134621,0.0114684,0.17365,0.126561,0.152517,mminor
toprak_melmin_Part8,0.16871,0.00658145,0.00702858,0.112076,0.0421872,0.123382,0.137074,0.174492,0.00689349,0.0552997,0.0332448,0.133032,0.218192,0.016611,0.0156762,0.277785,0.0908488,0.281988,0.205804,0.237357,0.0179488,0.149824,0.113126,0.203185,mminor
toprak_melmin_Part9,0.110901,0.00513556,0.0169187,0.0478373,0.0161588,0.195784,0.160245,0.199581,0.00610318,0.00271178,0.0227395,0.215884,0.201535,0.019084,0.0428676,0.15821,0.0346902,0.325661,0.197257,0.284739,0.0165632,0.00366172,0.0950518,0.285241,mminor
toprak_melmin_Part10,0.141171,0.12206,0.124988,0.162603,0.0260526,0.1048,0.0467634,0.0713073,0.0400965,0.0355605,0.0523105,0.0722867,0.2507,0.185227,0.182447,0.254353,0.0659432,0.241231,0.0821676,0.136209,0.0771643,0.0638003,0.160692,0.148543,mminor
toprak_melmin_Part11,0.0939822,0.0142645,0.0437425,0.197238,0.0432776,0.216538,0.0715262,0.197302,0.00397862,0.00895525,0.0285061,0.0806887,0.141461,0.0498909,0.0967758,0.255545,0.109772,0.343087,0.127124,0.30688,0.00859726,0.0194428,0.0785123,0.136104,mminor
toprak_melmin_Part12,0.0783112,0.0101165,0.0249803,0.0667201,0.0825275,0.179406,0.0707536,0.17031,0.0325578,0.174093,0.0655848,0.0446392,0.142727,0.0170901,0.0619454,0.186414,0.142772,0.308597,0.174929,0.285608,0.1218,0.29079,0.198864,0.108947,mminor
toprak_melmin_Part13,0.0439521,0.0546691,0.108393,0.12118,0.0259172,0.266118,0.0570004,0.06385,0.0197742,0.0518083,0.144265,0.043073,0.0888693,0.131081,0.179285,0.248696,0.051726,0.360795,0.161834,0.177675,0.0405879,0.136505,0.301484,0.129214,mminor
toprak_melmin_Part14,0.135514,0.0232899,0.0241317,0.0997467,0.0253628,0.382469,0.0288109,0.0980913,0.00808114,0.0505837,0.0980907,0.0258286,0.199807,0.0763135,0.0763575,0.247635,0.0436983,0.428958,0.0903248,0.204389,0.0201514,0.170219,0.252557,0.0975039,mminor
toprak_melmin_Part15,0.0598801,0.0310504,0.137135,0.0438982,0.0769688,0.0437578,0.174417,0.12721,0.00775076,0.0882506,0.0264442,0.183237,0.143553,0.0889087,0.26339,0.172544,0.132251,0.141422,0.21079,0.205813,0.014413,0.185824,0.102339,0.224201,mminor
toprak_melmin_Part16,0.14878,0.00690902,0.119858,0.154069,0.0323213,0.143487,0.0648065,0.199612,0.00366969,0.0256508,0.0130696,0.0877664,0.193163,0.0144436,0.231111,0.287151,0.0512818,0.281305,0.145586,0.236867,0.00919208,0.0890622,0.0427932,0.176611,mminor
toprak_melmin_Part17,0.169775,0.00341551,0.0307677,0.178098,0.0731972,0.170022,0.0790495,0.178805,0.00240773,0.0277516,0.0264764,0.0602332,0.175574,0.00980396,0.0848099,0.304112,0.112328,0.309279,0.167959,0.215495,0.00677964,0.107771,0.0650359,0.128864,mminor
toprak_melmin_Part18,0.00177477,0.00298237,0.011691,0.0312813,0.0163484,0.295015,0.00966424,0.270153,0.00289653,0.097431,0.164863,0.0958999,0.00247581,0.00751062,0.0203809,0.11769,0.0384685,0.432155,0.0237118,0.406283,0.00585377,0.264749,0.365076,0.263344,mminor
toprak_melmin_Part19,0.0505008,0.0406186,0.0693322,0.0920199,0.0360997,0.283556,0.0210716,0.100077,0.0366466,0.174584,0.0254726,0.070021,0.136845,0.121841,0.190971,0.256197,0.0615642,0.421125,0.0735112,0.233923,0.125314,0.326087,0.114064,0.206024,mminor
toprak_melmin_Part20,0.234541,0.0167036,0.0600879,0.0892843,0.132743,0.187782,0.0259476,0.119697,0.0246705,0.0153122,0.0764347,0.0167971,0.1945,0.0375046,0.14861,0.195898,0.177669,0.244253,0.0764274,0.161652,0.0416508,0.0206966,0.140266,0.0427025,mminor
toprak_major_Part1,0.124707,0.0170173,0.214012,0.0111426,0.173036,0.0963433,0.0518934,0.137484,0.0104863,0.0876303,0.00506911,0.0711786,0.210896,0.0536848,0.334,0.0236394,0.294863,0.225754,0.128976,0.242874,0.0267274,0.205539,0.0130047,0.14926,major
toprak_altered3_Part1,0.213075,0.0419348,0.0278846,0.0858247,0.0595739,0.0802244,0.0740985,0.219307,0.0898725,0.0180848,0.0703194,0.0198011,0.238632,0.0848953,0.102337,0.197507,0.14271,0.16287,0.196995,0.224715,0.155065,0.0716176,0.147956,0.0501218,altered
toprak_altered3_Part2,0.183688,0.106106,0.00460079,0.160982,0.160639,0.083547,0.00259474,0.125592,0.0721083,0.00281469,0.0908482,0.00647945,0.242018,0.198539,0.00649936,0.31502,0.304189,0.139283,0.00345833,0.168002,0.134149,0.0065343,0.181044,0.0153619,altered
toprak_altered3_Part3,0.0769335,0.0702673,0.00257378,0.0227993,0.216184,0.0458958,0.327343,0.0467294,0.129335,0.00459866,0.052227,0.00511287,0.179276,0.165074,0.00466537,0.0693919,0.364369,0.118609,0.442913,0.114735,0.249471,0.018835,0.123818,0.00902009,altered
toprak_altered3_Part4,0.0771605,0.034022,0.00182023,0.0349592,0.221432,0.0394354,0.226436,0.0159423,0.194926,0.0191614,0.108191,0.0265141,0.235796,0.116698,0.0051196,0.136081,0.352698,0.0785655,0.381292,0.0610472,0.34885,0.112115,0.253749,0.113773,altered
toprak_altered3_Part5,0.111851,0.0445493,0.0063139,0.198431,0.133499,0.214938,0.0103805,0.0798503,0.0359376,0.00807467,0.146854,0.00932065,0.193695,0.127434,0.014621,0.316949,0.244291,0.292432,0.0232586,0.146689,0.0932451,0.0202775,0.221641,0.0308077,altered
toprak_altered3_Part6,0.115619,0.114689,0.0050236,0.110858,0.147721,0.0646232,0.0708341,0.0659865,0.175617,0.00588544,0.107084,0.016059,0.218235,0.197475,0.0106554,0.243089,0.301514,0.110396,0.21385,0.120024,0.253633,0.0169644,0.233879,0.0567088,altered
toprak_altered3_Part7,0.12645,0.0754972,0.0156059,0.0666158,0.126745,0.0800088,0.0994472,0.162948,0.089899,0.0593581,0.0793022,0.018123,0.216862,0.15793,0.0479944,0.180317,0.227414,0.153227,0.238945,0.254172,0.180719,0.185538,0.180672,0.0698808,altered
hikmet_locrian_Part1,0.145547,0.0872584,0.00490349,0.0544585,0.0068675,0.163071,0.275068,0.030994,0.154906,0.0108289,0.0596239,0.00647388,0.241373,0.156572,0.0184281,0.150111,0.0225186,0.283358,0.395259,0.111799,0.330054,0.0443144,0.15067,0.0232132,locrian
hikmet_locrian_Part2,0.167463,0.0396339,0.0137546,0.031877,0.0128947,0.0385881,0.0326154,0.03237,0.129159,0.0189779,0.471669,0.0109975,0.31329,0.132359,0.0472217,0.0766995,0.0343819,0.0523941,0.1303,0.0536424,0.291673,0.0446193,0.450649,0.0266455,locrian
hikmet_locrian_Part3,0.272671,0.0750843,0.0273016,0.0318953,0.0124093,0.0683963,0.0619961,0.0613126,0.237631,0.016845,0.105903,0.0285551,0.362232,0.183921,0.0876577,0.0491063,0.0301056,0.146027,0.155788,0.0973263,0.386579,0.0384871,0.260956,0.0840828,locrian
hikmet_locrian_Part4,0.0996297,0.0485427,0.0289389,0.198357,0.0222568,0.0668836,0.0401954,0.0367327,0.0624476,0.0282844,0.340313,0.0274175,0.214422,0.126685,0.0824027,0.31394,0.0439651,0.113511,0.134456,0.0689878,0.182359,0.0783435,0.365408,0.102637,locrian
hikmet_minor1_Part1,0.300954,0.0616149,0.0191338,0.0671974,0.013672,0.0580574,0.00933969,0.236163,0.101578,0.0103332,0.10345,0.0185063,0.311157,0.166044,0.0400836,0.152013,0.0265482,0.154012,0.0310788,0.276882,0.216469,0.0300473,0.2403,0.0727618,minor
hikmet_minor1_Part2,0.112897,0.168224,0.067392,0.0803783,0.020726,0.0847196,0.0262592,0.0694203,0.165794,0.0234559,0.139815,0.0409182,0.232317,0.289802,0.106683,0.139321,0.0376069,0.161043,0.0622152,0.162395,0.258482,0.0599959,0.251334,0.106353,minor
hikmet_minor1_Part3,0.149194,0.100535,0.0358545,0.132985,0.021125,0.0920014,0.0177524,0.151212,0.0869524,0.0206318,0.174251,0.0175053,0.258254,0.222714,0.0832007,0.236577,0.0473984,0.166369,0.0622971,0.271084,0.186581,0.0602751,0.263358,0.0388196,minor
hikmet_minor1_Part4,0.204603,0.0708223,0.0618753,0.016702,0.0256222,0.0839392,0.0158948,0.233742,0.0435713,0.0230312,0.198948,0.0212495,0.282114,0.189856,0.0918038,0.0354193,0.0369446,0.134614,0.0369402,0.270491,0.123895,0.0853797,0.310036,0.048171,minor
hikmet_minor1_Part5,0.298417,0.179875,0.0295774,0.00998519,0.0216672,0.106639,0.0145682,0.237071,0.0289561,0.0131734,0.0333736,0.0266972,0.299335,0.299894,0.0587106,0.025294,0.0482051,0.196177,0.0309469,0.274321,0.0646701,0.032016,0.124868,0.0712696,minor
toprak_major1_Part1,0.136365,0.014549,0.16805,0.0211534,0.172189,0.0799279,0.0664044,0.116134,0.0116954,0.101596,0.00844582,0.10349,0.219008,0.0401333,0.290399,0.0576488,0.254142,0.199303,0.137286,0.214038,0.036036,0.205028,0.036806,0.1704,major
toprak_major1_Part2,0.113412,0.00731685,0.137887,0.0124141,0.154103,0.159496,0.0780422,0.112769,0.00804956,0.0956602,0.0116711,0.109179,0.211798,0.0112179,0.27773,0.0295036,0.265137,0.285671,0.14046,0.205527,0.0199044,0.220926,0.0330425,0.186354,major
toprak_major1_Part3,0.147533,0.019918,0.157168,0.0137164,0.106299,0.107716,0.0606265,0.117471,0.0247545,0.132384,0.0308607,0.0815535,0.253564,0.0657896,0.292428,0.026617,0.207951,0.228313,0.129913,0.216886,0.0875435,0.265085,0.122696,0.16923,major
toprak_major1_Part4,0.116782,0.0446873,0.19282,0.0175359,0.10054,0.0856766,0.0605597,0.142987,0.0273249,0.107269,0.0146812,0.0891371,0.227739,0.148149,0.297028,0.0283188,0.222049,0.218573,0.107814,0.250129,0.0998058,0.250093,0.0358089,0.181458,major
toprak_major1_Part5,0.258824,0.0126388,0.141184,0.0288036,0.141686,0.0819895,0.0238984,0.105749,0.0522208,0.0733025,0.0184031,0.0612993,0.250883,0.050228,0.256442,0.0476175,0.193376,0.145224,0.0578885,0.1776,0.129119,0.193337,0.0285632,0.10755,major
toprak_lydian1_Part1,0.101071,0.0374994,0.126789,0.0134364,0.104054,0.0242295,0.181574,0.141748,0.0239046,0.133196,0.0227931,0.0897054,0.215589,0.0948762,0.250406,0.0336943,0.190886,0.0855541,0.289858,0.226979,0.0578058,0.287696,0.0776001,0.161213,lydian
toprak_lydian1_Part2,0.0801808,0.0227068,0.195663,0.0239046,0.131448,0.0536363,0.0913402,0.146213,0.032755,0.102227,0.0389891,0.080937,0.217771,0.0823121,0.303919,0.074275,0.26767,0.162441,0.210558,0.264138,0.139016,0.246202,0.135033,0.170403,lydian
toprak_lydian1_Part3,0.0763033,0.0475247,0.118847,0.0363735,0.124796,0.0437112,0.115434,0.107061,0.0521848,0.122307,0.0509152,0.104543,0.202082,0.132141,0.24413,0.116956,0.241369,0.118438,0.238468,0.221382,0.179727,0.255165,0.157643,0.21594,lydian
toprak_lydian1_Part4,0.142086,0.0247899,0.152906,0.0239731,0.12866,0.0460978,0.142958,0.103915,0.0174059,0.109244,0.0231476,0.0848163,0.237517,0.0520012,0.263196,0.0445188,0.202059,0.130296,0.253854,0.205638,0.0319859,0.21132,0.0865298,0.189687,lydian
hikmet_dorian_Part1,0.277235,0.0115901,0.0695087,0.0438723,0.0108544,0.0796698,0.0105584,0.242346,0.0110915,0.110991,0.106043,0.0262406,0.330976,0.0307976,0.160051,0.136182,0.0221909,0.229497,0.0287079,0.306898,0.029286,0.254892,0.250075,0.0843932,dorian
hikmet_dorian_Part2,0.159952,0.0509163,0.121591,0.0626212,0.0345336,0.118768,0.0411555,0.0965108,0.0307292,0.0596819,0.146813,0.0767285,0.255554,0.0876558,0.182489,0.130953,0.0590426,0.221106,0.0723076,0.198373,0.0418935,0.100856,0.281215,0.149784,dorian
hikmet_dorian_Part3,0.101086,0.0416156,0.121142,0.159463,0.0277038,0.0637547,0.0265877,0.122259,0.0745064,0.0429715,0.136605,0.0823047,0.213883,0.123416,0.197182,0.248676,0.0924725,0.189769,0.0831853,0.241506,0.208656,0.120907,0.243987,0.188068,dorian
hikmet_dorian_Part4,0.0743994,0.00695647,0.116058,0.0724729,0.0466727,0.13222,0.0127685,0.191955,0.0088117,0.147067,0.165825,0.0247927,0.167804,0.0157568,0.185164,0.179238,0.0927319,0.26756,0.0299558,0.270801,0.0198929,0.276548,0.310916,0.112914,dorian
hikmet_dorian_Part5,0.218023,0.0453124,0.153036,0.0211103,0.0320083,0.0662193,0.0325036,0.158073,0.037988,0.100259,0.0966565,0.0388111,0.336807,0.082109,0.200537,0.0375093,0.0527751,0.147401,0.0696133,0.243591,0.0695764,0.205818,0.225046,0.0713345,dorian
hikmet_dorian_Part6,0.0547681,0.0136291,0.32485,0.145314,0.00915866,0.0634035,0.0177497,0.176163,0.0167949,0.0723574,0.0672175,0.0385944,0.148121,0.0323142,0.317667,0.265485,0.0155703,0.208391,0.0238629,0.257927,0.0565221,0.098033,0.114259,0.155411,dorian
hikmet_dorian_Part7,0.434037,0.00060421,0.125142,0.0365659,0.0722958,0.0300467,0.00248236,0.110595,0.000688055,0.113134,0.0738595,0.000549064,0.371728,0.00120467,0.267344,0.138016,0.0706602,0.128465,0.00703166,0.13052,0.00227836,0.230884,0.213614,0.00134404,dorian
toprak_major2_Part1,0.156987,0.0148048,0.144313,0.0130372,0.131996,0.116367,0.0418403,0.144441,0.015094,0.120995,0.0089775,0.0911457,0.275149,0.0563509,0.272166,0.0294266,0.246862,0.25544,0.0931225,0.245962,0.0385493,0.257109,0.0341844,0.189077,major
toprak_major2_Part2,0.110245,0.0251609,0.176756,0.0188511,0.141783,0.0978397,0.0405493,0.131147,0.0179691,0.147605,0.0193697,0.0727247,0.212044,0.0596138,0.278528,0.0444563,0.240968,0.214423,0.0851834,0.212992,0.0321638,0.274135,0.0526642,0.162855,major
toprak_major2_Part3,0.114109,0.0197436,0.147838,0.0235073,0.128214,0.162495,0.0639171,0.101299,0.0247995,0.134746,0.0170672,0.0622652,0.197664,0.0584746,0.251072,0.066235,0.229248,0.297884,0.133371,0.183139,0.0467304,0.243334,0.0572341,0.146614,major
toprak_phyrgian_Part1,0.152733,0.0808842,0.0220649,0.122008,0.034038,0.174918,0.0202372,0.195423,0.0877325,0.00517497,0.0934094,0.0113766,0.231006,0.188921,0.0667061,0.252014,0.0991308,0.25433,0.112718,0.308996,0.224674,0.0120497,0.178277,0.0450256,phyrgian
toprak_phyrgian_Part2,0.149598,0.0634618,0.0123047,0.165351,0.0334173,0.211382,0.0248317,0.0853496,0.0702682,0.052075,0.126059,0.00590255,0.278985,0.15796,0.039256,0.312603,0.0857324,0.29645,0.110588,0.226169,0.197622,0.167553,0.233067,0.020787,phyrgian
toprak_phyrgian_Part3,0.134586,0.0574732,0.0303251,0.0716987,0.0673896,0.192202,0.0166082,0.196617,0.0861415,0.0740641,0.0606443,0.0122506,0.196468,0.149309,0.0864688,0.199497,0.137764,0.288981,0.0532123,0.302843,0.200678,0.189805,0.158487,0.0498499,phyrgian
toprak_phyrgian_Part4,0.238656,0.110676,0.0145498,0.118189,0.0512675,0.0390346,0.0201689,0.157897,0.150438,0.0356082,0.0280511,0.0354639,0.320755,0.210594,0.0338115,0.238823,0.126637,0.122175,0.0658338,0.283049,0.258867,0.137147,0.0686896,0.0950044,phyrgian
toprak_phyrgian_Part5,0.165915,0.132876,0.0162994,0.0886735,0.0231388,0.0968471,0.0464419,0.253315,0.123523,0.0136029,0.0237707,0.0155965,0.233389,0.258047,0.028125,0.235658,0.0492622,0.226429,0.118625,0.330928,0.239456,0.0590134,0.0795547,0.0484711,phyrgian
toprak_phyrgian_Part6,0.184931,0.111594,0.0686717,0.0863205,0.0631824,0.166753,0.0232644,0.132047,0.0792002,0.0387156,0.023812,0.0215082,0.247417,0.198942,0.152568,0.213146,0.113933,0.244531,0.0357165,0.242534,0.171813,0.120671,0.0731972,0.0495217,hminor
toprak_lydianb7_Part1,0.108603,0.0609004,0.121275,0.0113058,0.176768,0.0390463,0.136524,0.101173,0.0174968,0.0930226,0.0881743,0.0457109,0.229788,0.13694,0.243195,0.0446054,0.271272,0.102825,0.299551,0.21063,0.044529,0.219243,0.215879,0.132417,lydianb7
toprak_lydianb7_Part2,0.0756596,0.0260397,0.210603,0.00515203,0.186603,0.10744,0.139849,0.111383,0.00579293,0.0346071,0.0868494,0.0100217,0.164081,0.0642718,0.326909,0.0123468,0.298962,0.213579,0.285456,0.198845,0.0215303,0.115849,0.179468,0.0236755,lydianb7
toprak_lydianb7_Part3,0.035613,0.0452063,0.216234,0.0171592,0.096506,0.133958,0.132793,0.0981788,0.00718753,0.0586162,0.144252,0.0142951,0.11021,0.117089,0.325643,0.0850125,0.225745,0.253236,0.291418,0.221044,0.0138734,0.17811,0.256249,0.0488534,lydianb7
toprak_lydianb7_Part4,0.12954,0.018659,0.160931,0.00715232,0.171744,0.0838135,0.126838,0.10291,0.0415788,0.0758432,0.0641464,0.0168445,0.229557,0.0597114,0.297088,0.0206155,0.284426,0.213946,0.291179,0.185451,0.15346,0.187567,0.170697,0.0471597,lydianb7
hikmet_minor_Part1,0.0589701,0.00957738,0.105855,0.0354272,0.0107361,0.0381165,0.00915394,0.544018,0.0325565,0.0350085,0.105752,0.0148286,0.185713,0.0303913,0.174787,0.131586,0.0329314,0.0856136,0.0215916,0.427203,0.142237,0.0803465,0.234786,0.0242036,minor
hikmet_minor_Part2,0.215315,0.0409849,0.231309,0.0307156,0.0188796,0.139217,0.0278702,0.127213,0.0259009,0.0500026,0.0643702,0.0282222,0.321437,0.105115,0.317893,0.0856055,0.0380369,0.257532,0.0665168,0.247973,0.0851383,0.068468,0.176785,0.0613715,minor
hikmet_minor_Part3,0.135489,0.0280902,0.148552,0.0575419,0.0213931,0.0801352,0.0181575,0.207846,0.0691171,0.0252338,0.173818,0.0346259,0.274883,0.0605866,0.199706,0.155194,0.0427258,0.173562,0.0487804,0.278513,0.204882,0.0479352,0.301252,0.0917237,minor
hikmet_minor_Part4,0.192697,0.0439606,0.172253,0.0196296,0.0100282,0.0779046,0.0130934,0.202554,0.0215143,0.0252469,0.200915,0.0202026,0.282548,0.0991166,0.233979,0.101177,0.0220454,0.164662,0.0574905,0.271935,0.10724,0.10431,0.32201,0.0728816,minor
hikmet_dorian1_Part1,0.12029,0.0253455,0.107342,0.03607,0.0277612,0.0580679,0.0777914,0.24194,0.0295604,0.1657,0.0849587,0.0251723,0.223148,0.064628,0.198899,0.121966,0.0420682,0.154624,0.168196,0.342718,0.0747013,0.282955,0.227556,0.0803509,dorian
hikmet_dorian1_Part2,0.358767,0.0441548,0.101406,0.0577818,0.0266689,0.0643253,0.00646912,0.0992371,0.00830594,0.0950923,0.128755,0.00903685,0.391765,0.13097,0.205398,0.155509,0.0765697,0.165525,0.0158612,0.21729,0.020403,0.226374,0.288081,0.0213584,dorian
hikmet_dorian1_Part3,0.211834,0.0135588,0.0550041,0.0410048,0.0177678,0.0738495,0.0142966,0.271696,0.0360838,0.0991014,0.125064,0.0407384,0.326755,0.0246882,0.0894415,0.108985,0.0274373,0.151367,0.0234889,0.336233,0.0771345,0.229709,0.278613,0.13991,dorian
hikmet_dorian1_Part4,0.542933,0.0289601,0.0561075,0.00322054,0.0133349,0.0360037,0.00539531,0.224247,0.00315626,0.0204327,0.0432871,0.0229223,0.294094,0.094909,0.145739,0.0139536,0.0222305,0.126917,0.0266868,0.166167,0.0101575,0.0606464,0.181019,0.0884528,dorian
toprak_lydian2_Part1,0.11078,0.00767948,0.0451517,0.0210837,0.193479,0.128632,0.207146,0.0650257,0.00656404,0.00660501,0.0596296,0.148224,0.217947,0.0146347,0.17928,0.0579613,0.331255,0.253412,0.327501,0.137007,0.0158831,0.0153182,0.190912,0.287686,lydian
toprak_lydian2_Part2,0.138177,0.018139,0.0635943,0.0149979,0.106456,0.032829,0.188409,0.157745,0.00714414,0.0987942,0.06428,0.109434,0.241215,0.0553156,0.177644,0.0483975,0.246256,0.126399,0.322916,0.271445,0.0171247,0.248605,0.189884,0.239633,lydian
toprak_lydian2_Part3,0.186161,0.0309297,0.0322195,0.0317887,0.14978,0.0593693,0.131198,0.170095,0.00892989,0.00380358,0.0750982,0.120627,0.225157,0.0744777,0.0684072,0.0807358,0.269638,0.123819,0.223385,0.224696,0.0129149,0.00708471,0.181604,0.177341,lydian
toprak_lydian2_Part4,0.0374158,0.0353756,0.0841412,0.0123627,0.299294,0.151297,0.159183,0.0289088,0.0890639,0.0403534,0.0208738,0.04173,0.115596,0.17159,0.238853,0.0500339,0.405012,0.327224,0.333466,0.100125,0.264884,0.166986,0.123467,0.147784,lydian
toprak_lydian2_Part5,0.124691,0.0729225,0.0490012,0.0363501,0.132585,0.045918,0.362536,0.0654193,0.00926643,0.00599627,0.0176337,0.0776791,0.187068,0.0852534,0.164898,0.0732397,0.269947,0.114058,0.353508,0.125811,0.0107737,0.00827914,0.0455869,0.132704,lydian
toprak_lydian2_Part6,0.111553,0.0230402,0.0948655,0.013994,0.166618,0.0232884,0.27919,0.102528,0.00210817,0.0443865,0.0202133,0.118215,0.204312,0.0793928,0.209533,0.054486,0.311916,0.110905,0.361026,0.183892,0.0037747,0.135102,0.0965479,0.250208,lydian
toprak_lydian2_Part7,0.116047,0.0356851,0.0984062,0.0216029,0.104375,0.0432715,0.235572,0.118325,0.0144095,0.0575938,0.0306477,0.124065,0.190409,0.116491,0.23862,0.0595998,0.211735,0.128938,0.304453,0.200376,0.0293341,0.160401,0.0934699,0.203923,lydian
toprak_lydianb71_Part1,0.121981,0.0243369,0.156202,0.0066405,0.135802,0.153944,0.0162205,0.177995,0.0116915,0.0861315,0.0839742,0.0250814,0.208623,0.0773378,0.261511,0.0149525,0.242924,0.261219,0.0371884,0.264068,0.0296289,0.204735,0.207725,0.0781167,lydianb7
toprak_lydianb71_Part2,0.123607,0.0212076,0.180914,0.010804,0.128562,0.150662,0.0138558,0.170542,0.0155662,0.0880297,0.0701305,0.0261197,0.224165,0.0486397,0.261466,0.0515121,0.237794,0.261221,0.0314084,0.243775,0.032318,0.222707,0.181453,0.0728498,lydianb7
toprak_lydianb71_Part3,0.0900777,0.0280739,0.183801,0.011351,0.185628,0.123644,0.0237227,0.12005,0.0145438,0.109872,0.070165,0.0390703,0.172968,0.0725412,0.271845,0.0518003,0.275803,0.245368,0.079639,0.197931,0.0302932,0.240103,0.17096,0.0912209,lydianb7
toprak_lydianb71_Part4,0.0872854,0.0165884,0.18173,0.0145628,0.151611,0.160664,0.024995,0.143016,0.0124867,0.143722,0.0512987,0.0120402,0.183262,0.0520392,0.303414,0.0814318,0.284153,0.299791,0.0698118,0.23493,0.0405856,0.265765,0.162367,0.0506876,lydianb7
toprak_lydianb71_Part5,0.0897833,0.0166428,0.1787,0.00552938,0.189385,0.192418,0.0125411,0.0925616,0.0166274,0.114727,0.0800365,0.0110474,0.219114,0.0397472,0.281129,0.0128287,0.317321,0.282802,0.0310572,0.199131,0.0372704,0.250708,0.210278,0.0182728,lydianb7
toprak_lydianb71_Part6,0.176728,0.0206746,0.127837,0.0182638,0.0946362,0.227378,0.0401353,0.157216,0.0238255,0.0330766,0.0600967,0.0201317,0.215183,0.0483855,0.241315,0.0590711,0.219549,0.329158,0.129414,0.209073,0.0541731,0.0873372,0.138927,0.0697454,lydianb7
toprak_lydianb71_Part7,0.0823372,0.0202895,0.167769,0.00947202,0.177892,0.148593,0.018554,0.140377,0.024016,0.0753605,0.113762,0.0215787,0.187121,0.058419,0.275763,0.0421023,0.287462,0.244157,0.0505946,0.239527,0.0906772,0.190413,0.225374,0.0677685,lydianb7
hikmet_lydian_Part1,0.201986,0.0358036,0.0722339,0.00964215,0.0685101,0.00814252,0.0880454,0.212251,0.0161258,0.129984,0.00924424,0.148031,0.278398,0.0896111,0.171593,0.0310817,0.170234,0.0276701,0.223158,0.293831,0.0437891,0.276115,0.0226819,0.284965,lydian
hikmet_lydian_Part2,0.0354671,0.0650003,0.0629858,0.0206505,0.174502,0.0216551,0.14447,0.226411,0.0238436,0.123047,0.0202378,0.0817292,0.106862,0.0889275,0.117656,0.0348338,0.242361,0.0401835,0.257875,0.349063,0.0373439,0.26213,0.0302291,0.127186,lydian
hikmet_lydian_Part3,0.040095,0.0549548,0.123542,0.0273033,0.106246,0.0309052,0.118782,0.0842795,0.0346191,0.0856477,0.0505698,0.243055,0.0919068,0.0885129,0.204326,0.0460086,0.182459,0.042516,0.159526,0.156595,0.04793,0.154101,0.127516,0.313569,lydian
hikmet_lydian_Part4,0.135028,0.0590964,0.0579946,0.0236365,0.106954,0.016714,0.0670881,0.105851,0.0186071,0.221175,0.0208585,0.166998,0.295566,0.119257,0.113241,0.0392362,0.171467,0.0331713,0.143452,0.199247,0.0386336,0.318693,0.0747286,0.297062,lydian
hikmet_lydian_Part5,0.0927633,0.107276,0.133139,0.010051,0.0864104,0.0244673,0.226326,0.0659797,0.0151306,0.0445491,0.0132184,0.180689,0.18517,0.132314,0.216128,0.0224458,0.20095,0.0861229,0.278784,0.127834,0.0301214,0.123918,0.0219621,0.31617,lydian
hikmet_lydian_Part6,0.193966,0.0650777,0.129585,0.0225105,0.101331,0.0207303,0.0999612,0.0951551,0.0190812,0.0563347,0.0316078,0.16466,0.309641,0.111247,0.221213,0.0561664,0.180524,0.0488108,0.176599,0.156288,0.036598,0.140384,0.105663,0.288314,lydian
hikmet_hminor2_Part1,0.547672,0.000853453,0.0505162,0.0511032,0.0216093,0.018149,0.00550451,0.215513,0.0615607,0.0139165,0.0122183,0.00138436,0.324076,0.00251422,0.158111,0.168539,0.0155375,0.0810325,0.017927,0.173354,0.218002,0.0484929,0.0441826,0.00525625,hminor
hikmet_locrian1_Part1,0.49301,0.0646653,0.00795876,0.0725356,0.00570822,0.142566,0.00525798,0.118253,0.0245646,0.0140232,0.0307994,0.0206586,0.327524,0.182374,0.0229291,0.20412,0.0126335,0.260438,0.0181273,0.129172,0.0656554,0.0403266,0.0803062,0.108446,locrian
hikmet_locrian1_Part2,0.0374702,0.0198705,0.0325259,0.0767601,0.010151,0.138094,0.140623,0.0114424,0.18729,0.0323033,0.305207,0.00826352,0.0990229,0.0470567,0.107402,0.189083,0.027899,0.203334,0.317865,0.0250624,0.372317,0.0963939,0.332978,0.0237435,locrian
hikmet_locrian1_Part3,0.280277,0.0806829,0.0164346,0.0426513,0.0209248,0.0883565,0.0318914,0.0957933,0.15216,0.0373315,0.139363,0.0141334,0.301198,0.23744,0.0419307,0.149816,0.0337255,0.168216,0.142874,0.130791,0.3304,0.137429,0.273508,0.0400101,locrian
hikmet_locrian1_Part4,0.28373,0.0273661,0.0706277,0.0480221,0.0328496,0.11315,0.0410273,0.0615708,0.0464028,0.0520279,0.183714,0.0395116,0.320032,0.0482569,0.13701,0.105257,0.0506022,0.181404,0.115434,0.0784642,0.136356,0.0859417,0.280755,0.0753639,locrian
hikmet_locrian1_Part5,0.237072,0.0699015,0.0101901,0.0919894,0.0218784,0.0516756,0.0424556,0.119294,0.063814,0.00988423,0.258675,0.0231699,0.299654,0.177108,0.0228605,0.191619,0.0605555,0.13524,0.167952,0.157121,0.173976,0.0213113,0.343535,0.0947894,locrian
hikmet_major_Part1,0.127605,0.0421352,0.137116,0.0206047,0.0858293,0.0565557,0.0301713,0.118331,0.0230301,0.155856,0.0374479,0.165319,0.253479,0.0974145,0.233,0.0400045,0.168546,0.147078,0.0446525,0.232368,0.0471083,0.263029,0.118986,0.295461,major
hikmet_major_Part2,0.089046,0.0507114,0.105079,0.0280022,0.129669,0.0360725,0.0615218,0.10754,0.0344445,0.0562619,0.054915,0.246736,0.214146,0.101091,0.191047,0.0820849,0.226404,0.106055,0.0964371,0.199778,0.0719794,0.146685,0.150138,0.308588,major
hikmet_major_Part3,0.0717596,0.0240148,0.0906527,0.0372189,0.110054,0.0488166,0.0628329,0.153627,0.0170183,0.0943808,0.0238894,0.265735,0.180318,0.070595,0.171984,0.0953411,0.207936,0.151999,0.0962489,0.250737,0.0359236,0.197041,0.0746833,0.297654,major
hikmet_major_Part4,0.0954434,0.0344692,0.117921,0.0377986,0.0968404,0.0499659,0.0437992,0.13925,0.0288459,0.12115,0.0430522,0.191465,0.188945,0.0755666,0.193232,0.0972995,0.176029,0.12724,0.0672278,0.222908,0.0501479,0.228262,0.112104,0.28774,major
hikmet_major_Part5,0.228424,0.0450369,0.0717132,0.0398697,0.0828836,0.0473863,0.0407129,0.133588,0.0299634,0.0526818,0.0433409,0.1844,0.283417,0.113042,0.137921,0.0920306,0.151804,0.122262,0.0537285,0.170123,0.054137,0.13505,0.117889,0.314568,major
toprak_hminor_Part1,0.162512,0.0341667,0.1197,0.117985,0.0312562,0.107887,0.0717332,0.155575,0.0823195,0.0203199,0.021865,0.0746797,0.215364,0.101111,0.242811,0.249897,0.0765773,0.228622,0.148004,0.230797,0.234741,0.0460501,0.0453619,0.158659,hminor
toprak_hminor_Part2,0.0995128,0.0149292,0.131817,0.13409,0.017311,0.103735,0.0941823,0.212896,0.0811618,0.0124423,0.010694,0.0872282,0.173375,0.0911686,0.23389,0.270296,0.0479616,0.227695,0.172139,0.293854,0.203644,0.0268158,0.0222671,0.164401,hminor
toprak_hminor_Part3,0.13522,0.0610136,0.0659123,0.11382,0.0111753,0.118176,0.0554664,0.134356,0.0867744,0.00779475,0.0340756,0.176216,0.261566,0.123599,0.150808,0.224551,0.0524592,0.284683,0.116884,0.309231,0.229947,0.0152034,0.0923349,0.292903,hminor
toprak_hminor_Part4,0.0634324,0.0180353,0.090631,0.132474,0.010771,0.160374,0.110538,0.224879,0.0493242,0.00884052,0.041582,0.0891186,0.127674,0.0524564,0.211006,0.2739,0.017111,0.291672,0.181075,0.296515,0.181481,0.0117319,0.123618,0.175724,hminor
toprak_hminor_Part5,0.0745111,0.00325172,0.148346,0.24298,0.0103453,0.0510736,0.0677751,0.204125,0.00283537,0.0103803,0.0690762,0.1153,0.181344,0.0125588,0.286196,0.383403,0.0473331,0.156041,0.15708,0.308453,0.0120414,0.0300462,0.204781,0.23735,hminor
toprak_altered2_Part1,0.15927,0.0170653,0.00431843,0.0728814,0.0452492,0.0275403,0.290819,0.0265739,0.202488,0.00538007,0.129651,0.0187628,0.297542,0.0244842,0.00940467,0.174592,0.154623,0.0570521,0.398016,0.0719416,0.341491,0.012229,0.275058,0.0827888,altered
toprak_altered2_Part2,0.0582503,0.00982321,0.0404209,0.0750509,0.222357,0.104081,0.121394,0.0752638,0.0395153,0.106237,0.0496346,0.097972,0.187436,0.0255955,0.142402,0.222211,0.326915,0.260421,0.292973,0.212365,0.111904,0.256245,0.145286,0.230566,altered
toprak_altered2_Part3,0.158343,0.0609899,0.0102932,0.065583,0.126872,0.0689598,0.0892471,0.0421887,0.170545,0.0689944,0.0683496,0.0696343,0.285053,0.138717,0.0252106,0.130078,0.23016,0.207896,0.22348,0.0661992,0.273264,0.19384,0.177697,0.197401,altered
toprak_altered2_Part4,0.0853307,0.0330053,0.0234449,0.154378,0.116692,0.115496,0.135557,0.0586225,0.116925,0.044198,0.0871477,0.0292033,0.174505,0.0757351,0.0878711,0.267011,0.242868,0.232948,0.263557,0.115966,0.224364,0.14465,0.194446,0.0992198,altered
toprak_altered2_Part5,0.14753,0.0369658,0.0541613,0.0856176,0.0794622,0.120707,0.127565,0.0985925,0.0708613,0.0331382,0.114602,0.0307969,0.219206,0.0738699,0.157508,0.162636,0.186676,0.179546,0.230576,0.151186,0.154946,0.0825448,0.184239,0.0917288,altered
toprak_altered2_Part6,0.0943137,0.00291428,0.0546601,0.251635,0.20507,0.0804192,0.0323542,0.10717,0.109342,0.0131236,0.0237729,0.0252255,0.179512,0.00561716,0.149378,0.35296,0.348372,0.220687,0.0978437,0.203532,0.231318,0.0315022,0.0834828,0.066946,altered
toprak_altered2_Part7,0.175268,0.127942,0.0122686,0.0520132,0.0660889,0.0252087,0.0600173,0.0366766,0.277524,0.0436144,0.0539593,0.0694184,0.287363,0.232934,0.0302514,0.145808,0.213914,0.049626,0.192833,0.0607921,0.298012,0.150933,0.1577,0.195644,altered
toprak_altered2_Part8,0.100585,0.200921,0.0551138,0.106705,0.14606,0.0926485,0.0531564,0.0774132,0.0942405,0.0143459,0.0337186,0.0250923,0.18179,0.244551,0.16816,0.229848,0.27145,0.194532,0.176947,0.147844,0.131282,0.0303494,0.0873466,0.0660783,altered
toprak_locrian_Part1,0.153753,0.139359,0.0178064,0.13558,0.039696,0.156723,0.101775,0.0577629,0.089964,0.0115382,0.0841961,0.0118465,0.231478,0.213445,0.0728942,0.246437,0.107788,0.244295,0.234206,0.13017,0.195488,0.0440394,0.196579,0.0348668,lydianb7
toprak_locrian_Part2,0.158314,0.0979497,0.0106041,0.179883,0.0152899,0.111223,0.0878239,0.0641267,0.158514,0.0143752,0.0958136,0.0060834,0.291284,0.199141,0.031251,0.322592,0.0659301,0.21457,0.250207,0.166298,0.263047,0.0825813,0.222515,0.0180998,lydianb7
toprak_locrian_Part3,0.0261005,0.198434,0.0137728,0.200487,0.0111913,0.138509,0.0607675,0.022486,0.209555,0.00413358,0.106521,0.00804141,0.0944547,0.252802,0.0400996,0.306088,0.0282029,0.216035,0.178314,0.0729004,0.260301,0.0103609,0.221117,0.0213461,lydianb7
toprak_locrian_Part4,0.212273,0.0797004,0.0332677,0.101871,0.0641773,0.125467,0.108135,0.0697631,0.107625,0.0188293,0.068135,0.0107567,0.264974,0.167455,0.104834,0.233794,0.128691,0.206171,0.233712,0.138458,0.206423,0.0795451,0.163844,0.0284422,lydianb7
